TICID,sectors,t0,period,BLS,model,FFI
146533365,9,1544.581552,0.287,no,0,yes
45599777,9,1546.823561,5.314,no,0,yes